query_id,format,status,cold_run_time_seconds,warm_run_times_seconds_mean,warm_run_times_seconds_min,warm_run_times_seconds_max,median_time_seconds,min_time_seconds,max_time_seconds,rows_returned,num_runs
Q3,native,success,0.020103931427001953,0.012250582377115885,0.011982917785644531,0.012505769729614258,0.012263059616088867,0.011982917785644531,0.012505769729614258,89,3
Q19,native,success,0.02245497703552246,0.021125396092732746,0.020768165588378906,0.021310091018676758,0.021297931671142578,0.020768165588378906,0.021310091018676758,100,3
Q3,iceberg,success,0.10873079299926758,0.032168070475260414,0.031881093978881836,0.032607078552246094,0.03201603889465332,0.031881093978881836,0.032607078552246094,89,3
Q19,iceberg,success,0.08774399757385254,0.06262397766113281,0.060749053955078125,0.06368708610534668,0.06343579292297363,0.060749053955078125,0.06368708610534668,100,3
Q3,delta,success,0.019997119903564453,0.016190369923909504,0.015299081802368164,0.01733088493347168,0.015941143035888672,0.015299081802368164,0.01733088493347168,89,3
Q19,delta,success,0.029992103576660156,0.029264291127522785,0.028517961502075195,0.029883861541748047,0.029391050338745117,0.028517961502075195,0.029883861541748047,100,3
